		1, "United States dollar", "USD", "US$"
		2, "Euro", "EUR", "€"
		3, "Japanese yen", "JPY", "¥"
		4, "Pound sterling", "GBP", "£"
		5, "Australian dollar", "AUD", "A$"
		6, "Canadian dollar", "CAD", "C$"
		7, "Swiss franc", "CHF", "Fr"
		8, "Renminbi", "CNY", "元"
		9, "Swedish krona", "SEK", "kr"
		10, "New Zealand dollar", "NZD", "NZ$"
		11, "Mexican peso", "MXN", "$"
		12, "Singapore dollar", "SGD", "S$"
		13, "Hong Kong dollar", "HKD", "HK$"
		14, "Norwegian krone", "NOK", "kr"
		15, "South Korean won", "KRW", "₩"
		16, "Turkish lira", "TRY", "₺"
		17, "Russian ruble", "RUB", "₽"
		18, "Indian rupee", "INR", "₹"
		19, "Brazilian real", "BRL", "R$"
		20, "South African rand", "ZAR", "R"
		21, "Danish krone", "DKK", "kr"
		22, "Polish złoty", "PLN ", "zł"
		23, "New Taiwan dollar", "TWD", "NT$"
		24, "Thai baht", "THB", "฿"
		25, "Malaysian ringgit", "MYR", "RM"
		26, "Hungarian forint", "HUF", "Ft"
		27, "Saudi riyal", "AR", "﷼"
		28, "Czech koruna", "CZK", "Kč"
		29, "Israeli shekel", "ILS", "₪"
		30, "Chilean peso", "CLP", "CLP$"
		31, "Indonesian rupiah", "IDR", "Rp"
		32, "Colombian peso", "COP", "COL$"
		33, "Philippine peso", "PHP", "₱"
		34, "Romanian leu", "RON ", "L"
		35, "Peruvian sol", "PEN", "S/"
